Agent 1,Agent 2,Agent 3,Notes
Anby,Anton,Ben,
Anby,Anton,Billy,
Anby,Anton,Grace,
Anby,Anton,Koleda,
Anby,Anton,Nekomata,
Anby,Anton,Nicole,
Anby,Anton,Rina,
Anby,Anton,Qingyi,
Anby,Anton,Seth,
Anby,Anton,Jane Doe,
Anby,Ben,Grace,
Anby,Billy,Corin,
Anby,Billy,Grace,
Anby,Billy,Nekomata,
Anby,Billy,Nicole,
Anby,Billy,Piper,
Anby,Billy,Rina,
Anby,Billy,Qingyi,
Anby,Billy,Seth,
Anby,Billy,Jane Doe,
Anby,Corin,Nekomata,
Anby,Corin,Rina,
Anby,Ellen,Rina,
Anby,Grace,Koleda,
Anby,Grace,Nekomata,
Anby,Grace,Nicole,
Anby,Grace,Rina,
Anby,Grace,Seth,
Anby,Grace,Jane Doe,
Anby,Lycaon,Rina,
Anby,Nekomata,Nicole,
Anby,Nekomata,Piper,
Anby,Nekomata,Rina,
Anby,Nekomata,Qingyi,
Anby,Nekomata,Seth,
Anby,Jane Doe,Nekomata,
Anby,Nicole,Rina,
Anby,Nicole,Zhu Yuan,
Anby,Nicole,Seth,
Anby,Jane Doe,Nicole,
Anby,Rina,Zhu Yuan,
Anby,Rina,Seth,
Anby,Jane Doe,Rina,
Anby,Qingyi,Zhu Yuan,
Anby,Seth,Zhu Yuan,
Anby,Qingyi,Seth,
Anby,Jane Doe,Qingyi,
Anby,Jane Doe,Seth,
Anton,Ben,Grace,
Anton,Ben,Koleda,
Anton,Ben,Lucy,
Anton,Ben,Rina,
Anton,Ben,Soldier 11,
Anton,Ben,Qingyi,
Anton,Ben,Seth,
Anton,Ben,Jane Doe,
Anton,Corin,Rina,
Anton,Ellen,Rina,
Anton,Grace,Koleda,
Anton,Grace,Rina,
Anton,Grace,Qingyi,
Anton,Grace,Seth,
Anton,Grace,Jane Doe,
Anton,Koleda,Lucy,
Anton,Koleda,Rina,
Anton,Koleda,Soldier 11,
Anton,Koleda,Qingyi,
Anton,Koleda,Seth,
Anton,Jane Doe,Koleda,
Anton,Lycaon,Rina,
Anton,Rina,Zhu Yuan,
Anton,Qingyi,Rina,
Anton,Rina,Seth,
Anton,Jane Doe,Rina,
Anton,Qingyi,Zhu Yuan,
Anton,Seth,Zhu Yuan,
Anton,Qingyi,Seth,
Anton,Jane Doe,Qingyi,
Anton,Jane Doe,Seth,
Ben,Grace,Koleda,
Ben,Grace,Lucy,
Ben,Grace,Rina,
Ben,Grace,Soldier 11,
Ben,Grace,Seth,
Ben,Grace,Jane Doe,
Ben,Koleda,Lucy,
Ben,Koleda,Soldier 11,
Ben,Jane Doe,Koleda,
Ben,Lucy,Piper,
Ben,Lucy,Soldier 11,
Ben,Lucy,Zhu Yuan,
Ben,Jane Doe,Lucy,
Ben,Qingyi,Soldier 11,
Ben,Jane Doe,Soldier 11,
Billy,Corin,Ellen,
Billy,Corin,Lycaon,
Billy,Corin,Nekomata,
Billy,Corin,Nicole,
Billy,Corin,Piper,
Billy,Corin,Rina,
Billy,Corin,Qingyi,
Billy,Corin,Jane Doe,
Billy,Lucy,Piper,
Billy,Nekomata,Nicole,
Billy,Nekomata,Piper,
Billy,Nekomata,Qingyi,
Billy,Jane Doe,Nekomata,
Billy,Nicole,Piper,
Billy,Nicole,Zhu Yuan,
Billy,Nicole,Qingyi,
Billy,Jane Doe,Nicole,
Billy,Piper,Qingyi,
Billy,Jane Doe,Piper,
Billy,Jane Doe,Zhu Yuan,
Billy,Jane Doe,Qingyi,
Billy,Jane Doe,Seth,
Corin,Ellen,Lycaon,
Corin,Ellen,Nekomata,
Corin,Ellen,Piper,
Corin,Ellen,Rina,
Corin,Ellen,Soukaku,
Corin,Ellen,Qingyi,
Corin,Ellen,Jane Doe,
Corin,Grace,Rina,
Corin,Lucy,Piper,
Corin,Lycaon,Nekomata,
Corin,Lycaon,Piper,
Corin,Lycaon,Rina,
Corin,Lycaon,Soukaku,
Corin,Lycaon,Qingyi,
Corin,Jane Doe,Lycaon,
Corin,Nekomata,Nicole,
Corin,Nekomata,Piper,
Corin,Nekomata,Rina,
Corin,Nekomata,Qingyi,
Corin,Jane Doe,Nekomata,
Corin,Piper,Rina,
Corin,Piper,Qingyi,
Corin,Jane Doe,Piper,
Corin,Rina,Zhu Yuan,
Corin,Qingyi,Rina,
Corin,Rina,Seth,
Corin,Jane Doe,Rina,
Corin,Jane Doe,Zhu Yuan,
Corin,Jane Doe,Qingyi,
Corin,Jane Doe,Seth,
Ellen,Grace,Rina,
Ellen,Lycaon,Rina,
Ellen,Lycaon,Soukaku,
Ellen,Lycaon,Qingyi,
Ellen,Jane Doe,Lycaon,
Ellen,Rina,Soukaku,
Ellen,Rina,Zhu Yuan,
Ellen,Qingyi,Rina,
Ellen,Rina,Seth,
Ellen,Jane Doe,Rina,
Ellen,Soukaku,Zhu Yuan,
Ellen,Qingyi,Soukaku,
Ellen,Jane Doe,Soukaku,
Grace,Koleda,Lucy,
Grace,Koleda,Rina,
Grace,Koleda,Soldier 11,
Grace,Koleda,Seth,
Grace,Jane Doe,Koleda,
Grace,Lycaon,Rina,
Grace,Rina,Zhu Yuan,
Grace,Rina,Seth,
Grace,Jane Doe,Rina,
Grace,Qingyi,Zhu Yuan,
Grace,Seth,Zhu Yuan,
Grace,Qingyi,Seth,
Grace,Jane Doe,Qingyi,
Grace,Jane Doe,Seth,
Koleda,Lucy,Piper,
Koleda,Lucy,Soldier 11,
Koleda,Lucy,Zhu Yuan,
Jane Doe,Koleda,Lucy,
Koleda,Qingyi,Soldier 11,
Jane Doe,Koleda,Soldier 11,
Lucy,Nekomata,Piper,
Lucy,Piper,Soldier 11,
Lucy,Piper,Zhu Yuan,
Jane Doe,Lucy,Piper,
Lucy,Soldier 11,Zhu Yuan,
Lucy,Qingyi,Soldier 11,
Jane Doe,Lucy,Soldier 11,
Lycaon,Rina,Soukaku,
Lycaon,Rina,Zhu Yuan,
Lycaon,Rina,Seth,
Jane Doe,Lycaon,Rina,
Lycaon,Soukaku,Zhu Yuan,
Jane Doe,Lycaon,Soukaku,
Nekomata,Nicole,Piper,
Nekomata,Nicole,Zhu Yuan,
Nekomata,Nicole,Qingyi,
Jane Doe,Nekomata,Nicole,
Nekomata,Piper,Qingyi,
Jane Doe,Nekomata,Piper,
Jane Doe,Nekomata,Zhu Yuan,
Jane Doe,Nekomata,Qingyi,
Jane Doe,Nekomata,Seth,
Nicole,Qingyi,Zhu Yuan,
Nicole,Seth,Zhu Yuan,
Jane Doe,Nicole,Zhu Yuan,
Jane Doe,Piper,Zhu Yuan,
Jane Doe,Piper,Qingyi,
Jane Doe,Piper,Seth,
Qingyi,Rina,Zhu Yuan,
Rina,Seth,Zhu Yuan,
Qingyi,Rina,Seth,
Jane Doe,Qingyi,Rina,
Jane Doe,Rina,Seth,
Qingyi,Seth,Zhu Yuan,
Jane Doe,Qingyi,Zhu Yuan,
Jane Doe,Seth,Zhu Yuan,
Jane Doe,Qingyi,Seth,
